{
  "heuristic": {
    "coverage": 0.8423645320197044,
    "selective_risk": 0.4970760233918129,
    "coverage@risk<=0.01": 0.0,
    "actual_risk@coverage_0.00": 0.0,
    "coverage@risk<=0.02": 0.0,
    "coverage@risk<=0.05": 0.0,
    "coverage@risk<=0.10": 0.0,
    "num_answered": 171,
    "num_total": 203,
    "aurc": 0.0,
    "normalized_aurc": 0.0,
    "eaurc": -0.12872188114246885,
    "risk_gap": 0.4470760233918129,
    "is_violated": true,
    "violation_rate_bootstrap": 1.0,
    "mean_gap_bootstrap": 0.44735335160081047,
    "std_gap_bootstrap": 0.03806950738390077,
    "mean_risk": 0.49735335160081046,
    "risk_ci_lower": 0.425389470641141,
    "risk_ci_upper": 0.5722230250481696
  },
  "unicr": {
    "coverage": 0.8916256157635468,
    "selective_risk": 0.5138121546961326,
    "coverage@risk<=0.01": 0.0049261083743842365,
    "actual_risk@coverage_0.00": 0.0,
    "coverage@risk<=0.02": 0.0049261083743842365,
    "coverage@risk<=0.05": 0.0049261083743842365,
    "coverage@risk<=0.10": 0.0049261083743842365,
    "num_answered": 181,
    "num_total": 203,
    "aurc": 0.5048519969269271,
    "normalized_aurc": 3.9220371272243835,
    "eaurc": 0.3761301157844582,
    "risk_gap": 0.46381215469613263,
    "is_violated": true,
    "violation_rate_bootstrap": 1.0,
    "mean_gap_bootstrap": 0.464661229668822,
    "std_gap_bootstrap": 0.03729193840482347,
    "mean_risk": 0.514661229668822,
    "risk_ci_lower": 0.44130726256983244,
    "risk_ci_upper": 0.5869565217391304
  },
  "unicr_filter": {
    "coverage": 0.8916256157635468,
    "selective_risk": 0.5138121546961326,
    "coverage@risk<=0.01": 0.0049261083743842365,
    "actual_risk@coverage_0.00": 0.0,
    "coverage@risk<=0.02": 0.0049261083743842365,
    "coverage@risk<=0.05": 0.0049261083743842365,
    "coverage@risk<=0.10": 0.0049261083743842365,
    "num_answered": 181,
    "num_total": 203,
    "aurc": 0.5048519969269271,
    "normalized_aurc": 3.9220371272243835,
    "eaurc": 0.3761301157844582,
    "risk_gap": 0.46381215469613263,
    "is_violated": true,
    "violation_rate_bootstrap": 1.0,
    "mean_gap_bootstrap": 0.464661229668822,
    "std_gap_bootstrap": 0.03729193840482347,
    "mean_risk": 0.514661229668822,
    "risk_ci_lower": 0.44130726256983244,
    "risk_ci_upper": 0.5869565217391304
  },
  "unicr_necrc": {
    "coverage": 0.9014778325123153,
    "selective_risk": 0.5136612021857924,
    "coverage@risk<=0.01": 0.0049261083743842365,
    "actual_risk@coverage_0.00": 0.0,
    "coverage@risk<=0.02": 0.0049261083743842365,
    "coverage@risk<=0.05": 0.0049261083743842365,
    "coverage@risk<=0.10": 0.0049261083743842365,
    "num_answered": 183,
    "num_total": 203,
    "aurc": 0.5048519969269271,
    "normalized_aurc": 3.9220371272243835,
    "eaurc": 0.3761301157844582,
    "risk_gap": 0.4636612021857924,
    "is_violated": true,
    "violation_rate_bootstrap": 1.0,
    "mean_gap_bootstrap": 0.46458121611458325,
    "std_gap_bootstrap": 0.037100066854800676,
    "mean_risk": 0.5145812161145832,
    "risk_ci_lower": 0.4425152409982854,
    "risk_ci_upper": 0.586021505376344
  },
  "s_unicr": {
    "coverage": 0.9014778325123153,
    "selective_risk": 0.5136612021857924,
    "coverage@risk<=0.01": 0.0049261083743842365,
    "actual_risk@coverage_0.00": 0.0,
    "coverage@risk<=0.02": 0.0049261083743842365,
    "coverage@risk<=0.05": 0.0049261083743842365,
    "coverage@risk<=0.10": 0.0049261083743842365,
    "num_answered": 183,
    "num_total": 203,
    "aurc": 0.5048519969269271,
    "normalized_aurc": 3.9220371272243835,
    "eaurc": 0.3761301157844582,
    "risk_gap": 0.4636612021857924,
    "is_violated": true,
    "violation_rate_bootstrap": 1.0,
    "mean_gap_bootstrap": 0.46458121611458325,
    "std_gap_bootstrap": 0.037100066854800676,
    "mean_risk": 0.5145812161145832,
    "risk_ci_lower": 0.4425152409982854,
    "risk_ci_upper": 0.586021505376344
  }
}